index,value
best_learning_rate,0.049452947945271
best_weight_decay,9.528448860580598
best_hidden_nodes,22.0
loss,0.22294160782077543
