index,value
best_learning_rate,4.562009330442935
best_weight_decay,0.5210752870718349
best_hidden_nodes,93.0
loss,3.4933346819825988
